"source_relative","destination_relative","bytes","last_write_time","sha256"
"E01_Application_Test_Inventory_80.png","screenshots\actual\E01_Application_Test_Inventory_80.png","193017","2026-08-03 18:29:43","6b4b7c9682b03ab5cadb1326370031b0fbd8bbdd40d9513c68d5645fc4e6ec87"
"E02_Guardrail_Test_Inventory_33.png","screenshots\actual\E02_Guardrail_Test_Inventory_33.png","127957","2026-08-03 18:35:58","3ed5e9322d8c5c840719c18f37b1d8ae8048864fe931867666d1020f78ea8876"
"E03_Final_Test_Inventory_113.png","screenshots\actual\E03_Final_Test_Inventory_113.png","288218","2026-08-03 18:37:06","ba7485e97304f8e54bd36137d482886b261e16f406f02d8a11ff9f11e2511633"
"E04_Traditional_80_Passed.png","screenshots\actual\E04_Traditional_80_Passed.png","39304","2026-08-03 18:39:31","68301f4f3fc2825bb7cfdc9c54c8eac4f61bea517fb4937e4c6822010f6f7e7a"
"E05_Traditional_Timing_JSON.png","screenshots\actual\E05_Traditional_Timing_JSON.png","35113","2026-08-03 18:39:31","24a19485fa84f6c2ea9a03bf4a005830eed5b3e41fd8a176c556348cfcc8186f"
"E06_Server_Log_Terminal.png","screenshots\actual\E06_Server_Log_Terminal.png","63195","2026-08-03 18:41:28","d12f0f4f2926276c88dbf5c375f0ba5ef83bad9fe653fcec714c129900f5a018"
"E07_Server_Log_Manifest.png","screenshots\actual\E07_Server_Log_Manifest.png","39905","2026-08-03 18:41:28","4c8948520ba30e3fc5d4f379579e3ce210c89cc63f66281c5c58495b21bf5198"
"E08_History_Replay_20_Completed.png","screenshots\actual\E08_History_Replay_20_Completed.png","18791","2026-08-03 19:08:05","9ab9b2057578bd3fbf5e1a9e4a77ad78dd9f1d78c77d156f1b83ec0a19fe82e6"
"E09_History_Summary_Statistics.png","screenshots\actual\E09_History_Summary_Statistics.png","25559","2026-08-03 19:08:05","fa465acceb3025712bb935b281725a2d52984a4f635d48ec0136f44a51eaf9b2"
"E10_Commit_Level_Results.png","screenshots\actual\E10_Commit_Level_Results.png","82274","2026-08-03 19:08:06","8c7b0a0ee1f6841726ffe721c4bbd484f24576e568cda18cf780deddbe58a2bb"
"E11_Mutation_20_Completed.png","screenshots\actual\E11_Mutation_20_Completed.png","23917","2026-08-03 19:51:04","0adab294e27c546f41bcb5abfdb320591e84377e6151ade49fc997a7363071e3"
"E12_Mutation_Recall_Summary.png","screenshots\actual\E12_Mutation_Recall_Summary.png","20476","2026-08-03 19:51:04","b0098e83417e67e032bc964b712152630a657dea308d52a91e94ff4f3d166116"
"E13_Mutant_Level_Results.png","screenshots\actual\E13_Mutant_Level_Results.png","71480","2026-08-03 19:51:04","191af57180a247815faa816674aec48dac414d393099613325baa14a5b39129a"
"E14_Selection_Policy_5_Passed.png","screenshots\actual\E14_Selection_Policy_5_Passed.png","11310","2026-08-03 19:52:56","196a872f4dfa613cf6a57752e9c5098d2be11ff396434d1a3c79d8d2e979b38c"
"E15_Threshold_Safety_Report.png","screenshots\actual\E15_Threshold_Safety_Report.png","66856","2026-08-03 19:52:56","5d7e7c152b722b684d4e7fcdfecd4cfa1b34a761e324a4b33e5fb8adcedc3ace"
"E28_Final_113_Tests_Passed.png","screenshots\actual\E28_Final_113_Tests_Passed.png","38845","2026-08-03 20:38:59","509847b30725e7aceb63d425114b2c170feb8774e55294802c4fb5efe5f7ca16"
"E29_Final_Count_Gate.png","screenshots\actual\E29_Final_Count_Gate.png","41495","2026-08-03 20:38:59","2d75fbaa7a17fa4f42628b1aad1d028d46b1345796b0dfefda5484d75e7f974d"
"E30_Controlled_Benchmark_20_Commits.png","screenshots\actual\E30_Controlled_Benchmark_20_Commits.png","76238","2026-08-03 18:21:32","5738a4175387ea3132689bcd56b66e431f78c229e34d7bc1b230212e69c8dcb7"
"reports\final_evidence_suite.csv","reports\final_evidence_suite.csv","11795","2026-08-03 20:38:15","f31cda15aba02bd243a34b8e7258e542d205ec6e36ab5ae0d01a458438fba366"
"reports\final_evidence_suite_timing.json","reports\final_evidence_suite_timing.json","642","2026-08-03 20:38:16","db39020953d0f4e4a84726a32475353e15244356e800a68815664010a0360cf7"
"reports\history_repetition_1\evaluation_manifest.json","reports\history_repetition_1\evaluation_manifest.json","255","2026-08-03 19:11:53","fa0d4ca8a7022cde70108071fed07082ef63b47a3541fa54bfc9146276134005"
"reports\history_repetition_1\history_results.json","reports\history_repetition_1\history_results.json","32448","2026-08-03 19:18:37","faaba1daf4578386a06aaec7576e7051b0e5b39d8234e34169cd5213353ab19b"
"reports\history_repetition_2\evaluation_manifest.json","reports\history_repetition_2\evaluation_manifest.json","255","2026-08-03 19:18:43","fa0d4ca8a7022cde70108071fed07082ef63b47a3541fa54bfc9146276134005"
"reports\history_repetition_2\history_results.json","reports\history_repetition_2\history_results.json","32446","2026-08-03 19:25:37","89e3162d388879d3e43d60751436aeadcc79c01011f6244d58cc3f8439cc5402"
"reports\history_repetition_3\evaluation_manifest.json","reports\history_repetition_3\evaluation_manifest.json","255","2026-08-03 19:25:43","fa0d4ca8a7022cde70108071fed07082ef63b47a3541fa54bfc9146276134005"
"reports\history_repetition_3\history_results.json","reports\history_repetition_3\history_results.json","32451","2026-08-03 19:33:14","080109ce0187ae928280731d8f4cb18fc612ef3e093d2b594e5df5441ba0c0d8"
"reports\mutation_evaluation\evaluation_manifest.json","reports\mutation_evaluation\evaluation_manifest.json","255","2026-08-03 19:42:41","fa0d4ca8a7022cde70108071fed07082ef63b47a3541fa54bfc9146276134005"
"reports\mutation_evaluation\mutation_results.json","reports\mutation_evaluation\mutation_results.json","185096","2026-08-03 19:50:23","bdd8c895df4e088f6c8a1e5530d2699c1523614ec41d3fa37b0ade6d93b0e950"
"reports\research_evaluation\evaluation_manifest.json","reports\research_evaluation\evaluation_manifest.json","255","2026-08-03 18:55:19","fa0d4ca8a7022cde70108071fed07082ef63b47a3541fa54bfc9146276134005"
"reports\research_evaluation\history_results.json","reports\research_evaluation\history_results.json","32452","2026-08-03 18:49:32","9fc15d41f8332b67077bf63d3c97811538b5edc4dc73dc5384f938cfda3afc86"
"reports\research_evaluation\mutation_results.json","reports\research_evaluation\mutation_results.json","185095","2026-08-03 19:01:51","a782221b9038b6c5fde16d94eb865ccf87dc7ac2f3b2469229ba2a0cdea038dd"
"reports\research_evaluation\summary.md","reports\research_evaluation\summary.md","798","2026-08-03 19:01:51","dcd2fc2d4e8f470764761c5414b7d9358e7f7cdb56ef5807d7313a9fe36c1c5b"
"reports\research_evaluation\threshold_safety_report.json","reports\research_evaluation\threshold_safety_report.json","1466","2026-08-03 19:52:34","5ae0ed8b7e7b01fed3fb935a39b1b897676d8282bcc0d5af58479add5e74376f"
"reports\score_baseline.csv","reports\score_baseline.csv","7207","2026-08-03 19:56:51","ec631acde01f7ba43a35f7e11c3e0b6414b06b317c064b06506fdaf4e09b5d92"
"reports\score_baseline_timing.json","reports\score_baseline_timing.json","553","2026-08-03 19:56:52","959d74bb39a2729e840796a56cfe4c51e2ac7d716fbd3a98f99dc92a86b6a344"
"reports\score_healing.patch","reports\score_healing.patch","0","2026-08-03 20:22:37","e3b0c44298fc1c149afbf4c8996fb92427ae41e4649b934ca495991b7852b855"
"reports\score_healing_report.json","reports\score_healing_report.json","263","2026-08-03 20:22:37","5194608af474d2f3e6038a33607ee55281d15278c3f637cf29f2f936ef2878b7"
"reports\score_selected_after.csv","reports\score_selected_after.csv","1221","2026-08-03 20:22:37","ba50f487e7bf659336056956f2bacf110e60dd5d74876bdfc7624053490db292"
"reports\score_selected_before.csv","reports\score_selected_before.csv","1221","2026-08-03 20:22:37","ba50f487e7bf659336056956f2bacf110e60dd5d74876bdfc7624053490db292"
"reports\score_selected_timing.json","reports\score_selected_timing.json","371","2026-08-03 20:22:37","6e96c0fc1a237ae4e6b06e3497b96c07f00c9006275c7f5ff6e28c36462a564e"
"reports\score_variation_diff.txt","reports\score_variation_diff.txt","11362","2026-08-03 19:55:34","cae208f085c2fdfb5c3e1bb41d87d0a1b244772a3f34c548b62f03cb4c58022d"
"reports\selection_decisions.json","reports\selection_decisions.json","3949","2026-08-03 20:22:23","a05121006aecf4a60197d691e3a7c156e9ab64f3af395bc1b392730afbe3815a"
"reports\server.log","reports\server.log","920","2026-08-03 18:41:07","3935ebdb741c219dd13ef7be7426b555eae8e4b0bf19d4a3dd5769d05f4bbbbd"
"reports\server_log_manifest.json","reports\server_log_manifest.json","637","2026-08-03 18:41:07","3f24c33655e01f572a32fe1fb145b3130e4cc41151ae7ac6af0f0ae63cc228a1"
"reports\traditional_current.csv","reports\traditional_current.csv","7206","2026-08-03 18:39:01","915ae9edea03d0d93dadd2bb46d2f05c5627d524f9850de5258c4265964ccba7"
"reports\traditional_current_timing.json","reports\traditional_current_timing.json","574","2026-08-03 18:39:02","57a286fe9793b595b252975320a09a120f80942904a247d1a0d1b7582241256b"
"SAMPLE_E16_Live_Three_Run_Score_Summary.png","screenshots\sample\SAMPLE_E16_Live_Three_Run_Score_Summary.png","44930","2026-08-03 20:25:16","4abbf1623b15a5df826afdf19aaf4e62bc1e841ddf1ac8dcb1ee2bb4f5d3e5a0"
"SAMPLE_E17_Live_Repair_Initial_Failure.png","screenshots\sample\SAMPLE_E17_Live_Repair_Initial_Failure.png","32549","2026-08-03 20:31:08","15eea86633fabe7a709e7befb0fcb41e5cb35d1fdf473e3144ca462f72b484d5"
"SAMPLE_E18_Live_Repair_Model_Decision.png","screenshots\sample\SAMPLE_E18_Live_Repair_Model_Decision.png","34139","2026-08-03 20:31:08","e3753a1b6a9d87d9b422f85240daac7ae14666760440e0b59f46472760d9ecda"
"SAMPLE_E19_Live_Repair_Two_Validations.png","screenshots\sample\SAMPLE_E19_Live_Repair_Two_Validations.png","34864","2026-08-03 20:31:08","c0d3d98d3ccf21afd6aa197c34fcc776ceffb6b61836f610debcca5b45bc968f"
"SAMPLE_E20_Live_Repair_Patch.png","screenshots\sample\SAMPLE_E20_Live_Repair_Patch.png","38288","2026-08-03 20:31:08","c4b046fac824859211189489b10b1c93862fd3eb401e88eb7468c2a26a08df9a"
"SAMPLE_E21_Live_Repair_Final_Pass.png","screenshots\sample\SAMPLE_E21_Live_Repair_Final_Pass.png","36362","2026-08-03 20:31:08","caa1986241c0b36abd0e16b1c48accc941c98ff0f3884fd1e95099d7e6d3d112"
"SAMPLE_E22_Research_Evaluation_Green.png","screenshots\sample\SAMPLE_E22_Research_Evaluation_Green.png","29516","2026-08-03 20:35:25","54cfc3316a64c7ae0bf4f68572f6551f920e283938e930ce4487f3ae59c7d680"
"SAMPLE_E23_Research_Artifacts_List.png","screenshots\sample\SAMPLE_E23_Research_Artifacts_List.png","27429","2026-08-03 20:35:25","b292b7da9ea211527cce3051b406a597520336bb6402ca8474f4bd0873ff7b58"
"SAMPLE_E24_Live_Repair_Workflow_Green.png","screenshots\sample\SAMPLE_E24_Live_Repair_Workflow_Green.png","29970","2026-08-03 20:35:25","04eef66e1dcfab323663d67faad22b3bb24a58a4c05a290974ea61849a48ff3d"
"SAMPLE_E25_Live_Repair_Artifact_List.png","screenshots\sample\SAMPLE_E25_Live_Repair_Artifact_List.png","31820","2026-08-03 20:35:25","ec16914d87e5d49f8d7719e0f94515db506e473c3a69560d7126ed11dbff42fc"
"SAMPLE_E26_Final_CI_113_Passed.png","screenshots\sample\SAMPLE_E26_Final_CI_113_Passed.png","30860","2026-08-03 20:35:25","a5150ed16e7abd56c3bd8e6fce4ce93a306c7aab91d1f8e718142e3d9c818a82"
"SAMPLE_E27_Server_Log_Artifact.png","screenshots\sample\SAMPLE_E27_Server_Log_Artifact.png","26282","2026-08-03 20:35:25","6b3759bf9cc2f9309a905ea952247d2b8538a3a5289c48a08d6a56a53c32f4e8"
